{"v":"5.4.3","fr":60,"ip":0,"op":300,"w":1000,"h":1000,"nm":"Comp 1","ddd":0,"assets":[],"fonts":{"list":[{"fName":"GillSans-UltraBold","fFamily":"Gill Sans","fStyle":"UltraBold","ascent":75.49951171875}]},"layers":[{"ddd":0,"ind":1,"ty":5,"nm":"Hello World","sr":1,"ks":{"o":{"a":0,"k":100,"ix":11},"r":{"a":0,"k":0,"ix":10},"p":{"a":0,"k":[168,548,0],"ix":2},"a":{"a":0,"k":[0,0,0],"ix":1},"s":{"a":0,"k":[100,100,100],"ix":6}},"ao":0,"t":{"d":{"k":[{"s":{"s":88,"f":"GillSans-UltraBold","t":"Hello World","j":0,"tr":58,"lh":105.6,"ls":0,"fc":[0.141,0.141,0.141],"sc":[0.38,0,0],"sw":1,"of":true},"t":0}]},"p":{},"m":{"g":1,"a":{"a":0,"k":[0,0],"ix":2}},"a":[{"nm":"Animator 1","s":{"t":0,"xe":{"a":0,"k":0,"ix":7},"ne":{"a":0,"k":0,"ix":8},"a":{"a":0,"k":100,"ix":4},"b":1,"rn":0,"sh":1,"r":1},"a":{"t":{"a":1,"k":[{"i":{"x":[0.833],"y":[0.833]},"o":{"x":[0.167],"y":[0.167]},"n":["0p833_0p833_0p167_0p167"],"t":0,"s":[0],"e":[-24]},{"i":{"x":[0.833],"y":[0.833]},"o":{"x":[0.167],"y":[0.167]},"n":["0p833_0p833_0p167_0p167"],"t":235,"s":[-24],"e":[802]},{"t":299}],"ix":89}}}]},"ip":0,"op":300,"st":0,"bm":0},{"ddd":0,"ind":2,"ty":4,"nm":"Shape Layer 1","sr":1,"ks":{"o":{"a":0,"k":100,"ix":11},"r":{"a":0,"k":0,"ix":10},"p":{"a":0,"k":[500,532,0],"ix":2},"a":{"a":0,"k":[0,0,0],"ix":1},"s":{"a":0,"k":[100,117.226,100],"ix":6}},"ao":0,"shapes":[{"ty":"gr","it":[{"ty":"rc","d":1,"s":{"a":0,"k":[1038.812,443.781],"ix":2},"p":{"a":0,"k":[0,0],"ix":3},"r":{"a":0,"k":0,"ix":4},"nm":"Rectangle Path 1","mn":"ADBE Vector Shape - Rect","hd":false},{"ty":"st","c":{"a":0,"k":[1,1,1,1],"ix":3},"o":{"a":0,"k":100,"ix":4},"w":{"a":0,"k":2,"ix":5},"lc":1,"lj":1,"ml":4,"ml2":{"a":0,"k":4,"ix":8},"bm":0,"nm":"Stroke 1","mn":"ADBE Vector Graphic - Stroke","hd":false},{"ty":"fl","c":{"a":0,"k":[1,1,1,1],"ix":4},"o":{"a":0,"k":100,"ix":5},"r":1,"bm":0,"nm":"Fill 1","mn":"ADBE Vector Graphic - Fill","hd":false},{"ty":"tr","p":{"a":0,"k":[6.438,-243.719],"ix":2},"a":{"a":0,"k":[0,0],"ix":1},"s":{"a":0,"k":[113.01,120.397],"ix":3},"r":{"a":0,"k":0,"ix":6},"o":{"a":0,"k":100,"ix":7},"sk":{"a":0,"k":0,"ix":4},"sa":{"a":0,"k":0,"ix":5},"nm":"Transform"}],"nm":"Rectangle 1","np":3,"cix":2,"bm":0,"ix":1,"mn":"ADBE Vector Group","hd":false},{"ty":"gr","it":[{"ty":"rc","d":1,"s":{"a":0,"k":[1038.812,443.781],"ix":2},"p":{"a":0,"k":[0,0],"ix":3},"r":{"a":0,"k":0,"ix":4},"nm":"Rectangle Path 1","mn":"ADBE Vector Shape - Rect","hd":false},{"ty":"st","c":{"a":0,"k":[1,1,1,1],"ix":3},"o":{"a":0,"k":100,"ix":4},"w":{"a":0,"k":2,"ix":5},"lc":1,"lj":1,"ml":4,"ml2":{"a":0,"k":4,"ix":8},"bm":0,"nm":"Stroke 1","mn":"ADBE Vector Graphic - Stroke","hd":false},{"ty":"fl","c":{"a":0,"k":[0.292861521244,0.292861521244,0.292861521244,1],"ix":4},"o":{"a":0,"k":100,"ix":5},"r":1,"bm":0,"nm":"Fill 1","mn":"ADBE Vector Graphic - Fill","hd":false},{"ty":"tr","p":{"a":0,"k":[6.438,280.604],"ix":2},"a":{"a":0,"k":[0,0],"ix":1},"s":{"a":0,"k":[113.01,120.397],"ix":3},"r":{"a":0,"k":0,"ix":6},"o":{"a":0,"k":100,"ix":7},"sk":{"a":0,"k":0,"ix":4},"sa":{"a":0,"k":0,"ix":5},"nm":"Transform"}],"nm":"Rectangle 2","np":3,"cix":2,"bm":0,"ix":2,"mn":"ADBE Vector Group","hd":false}],"ip":0,"op":300,"st":0,"bm":0}],"markers":[],"chars":[{"ch":"H","size":88,"style":"UltraBold","w":96.92,"data":{"shapes":[{"ty":"gr","it":[{"ind":0,"ty":"sh","ix":1,"ks":{"a":0,"k":{"i":[[0,0],[0,0],[0,0],[0,0],[0,0],[0,0],[0,0],[0,0],[0,0],[0,0],[0,0],[0,0]],"o":[[0,0],[0,0],[0,0],[0,0],[0,0],[0,0],[0,0],[0,0],[0,0],[0,0],[0,0],[0,0]],"v":[[6.982,-74.512],[6.982,0],[39.99,0],[39.99,-27.686],[56.787,-27.686],[56.787,0],[89.795,0],[89.795,-74.512],[56.787,-74.512],[56.787,-47.217],[39.99,-47.217],[39.99,-74.512]],"c":true},"ix":2},"nm":"H","mn":"ADBE Vector Shape - Group","hd":false}],"nm":"H","np":3,"cix":2,"bm":0,"ix":1,"mn":"ADBE Vector Group","hd":false}]},"fFamily":"Gill Sans"},{"ch":"e","size":88,"style":"UltraBold","w":69.82,"data":{"shapes":[{"ty":"gr","it":[{"ind":0,"ty":"sh","ix":1,"ks":{"a":0,"k":{"i":[[4.72,-2.571],[2.604,-4.59],[0,-5.762],[-0.716,-2.734],[-1.384,-2.295],[-2.002,-1.839],[-2.539,-1.27],[-3.011,-0.667],[-3.386,0.032],[-4.72,2.068],[-3.484,4.525],[0,0],[1.204,-0.797],[1.383,-0.537],[1.562,-0.293],[1.595,0],[1.514,0.439],[1.27,0.83],[0.944,1.189],[0.52,1.465],[0,0],[0,0],[2.702,5.046],[4.883,2.605],[6.055,0]],"o":[[-4.655,2.507],[-2.572,4.525],[-0.033,3.06],[0.716,2.734],[1.383,2.295],[2.002,1.839],[2.539,1.27],[3.011,0.667],[6.087,0],[4.72,-2.067],[0,0],[-0.945,1.009],[-1.205,0.798],[-1.384,0.537],[-1.562,0.293],[-1.726,0],[-1.514,-0.439],[-1.27,-0.83],[-0.945,-1.188],[0,0],[0,0],[0,-6.38],[-2.67,-5.013],[-4.851,-2.637],[-5.99,0]],"v":[[18.359,-56.152],[7.471,-45.508],[3.613,-30.078],[4.639,-21.387],[7.788,-13.843],[12.866,-7.642],[19.678,-2.979],[28.003,-0.073],[37.598,0.879],[53.809,-2.222],[66.113,-12.109],[66.113,-22.412],[62.891,-19.702],[59.009,-17.7],[54.59,-16.455],[49.854,-16.016],[44.995,-16.675],[40.82,-18.579],[37.5,-21.606],[35.303,-25.586],[66.162,-25.586],[66.162,-27.49],[62.109,-44.629],[50.781,-56.055],[34.424,-60.01]],"c":true},"ix":2},"nm":"e","mn":"ADBE Vector Shape - Group","hd":false},{"ind":1,"ty":"sh","ix":2,"ks":{"a":0,"k":{"i":[[0,0],[-1.302,1.595],[-1.953,0],[-1.318,-1.676],[-0.098,-2.864],[0,0]],"o":[[0,-2.539],[1.302,-1.66],[2.18,0],[1.318,1.677],[0,0],[0,0]],"v":[[33.496,-36.523],[35.449,-42.725],[40.332,-45.215],[45.581,-42.7],[47.705,-35.889],[33.496,-35.889]],"c":true},"ix":2},"nm":"e","mn":"ADBE Vector Shape - Group","hd":false}],"nm":"e","np":5,"cix":2,"bm":0,"ix":1,"mn":"ADBE Vector Group","hd":false}]},"fFamily":"Gill Sans"},{"ch":"l","size":88,"style":"UltraBold","w":41.7,"data":{"shapes":[{"ty":"gr","it":[{"ind":0,"ty":"sh","ix":1,"ks":{"a":0,"k":{"i":[[0,0],[0,0],[0,0],[0,0]],"o":[[0,0],[0,0],[0,0],[0,0]],"v":[[5.713,-74.512],[5.713,0],[35.889,0],[35.889,-74.512]],"c":true},"ix":2},"nm":"l","mn":"ADBE Vector Shape - Group","hd":false}],"nm":"l","np":3,"cix":2,"bm":0,"ix":1,"mn":"ADBE Vector Group","hd":false}]},"fFamily":"Gill Sans"},{"ch":"o","size":88,"style":"UltraBold","w":71.92,"data":{"shapes":[{"ty":"gr","it":[{"ind":0,"ty":"sh","ix":1,"ks":{"a":0,"k":{"i":[[1.221,1.237],[0,1.986],[-0.326,0.83],[-0.57,0.603],[-0.798,0.326],[-0.977,0],[-1.221,-1.221],[0,-2.051],[1.204,-1.204],[2.051,0]],"o":[[-1.221,-1.237],[0,-0.977],[0.325,-0.83],[0.569,-0.602],[0.797,-0.325],[2.051,0],[1.221,1.221],[0,2.051],[-1.205,1.205],[-1.953,0]],"v":[[31.128,-25.244],[29.297,-30.078],[29.785,-32.788],[31.128,-34.937],[33.179,-36.328],[35.84,-36.816],[40.747,-34.985],[42.578,-30.078],[40.771,-25.195],[35.889,-23.389]],"c":true},"ix":2},"nm":"o","mn":"ADBE Vector Shape - Group","hd":false},{"ind":1,"ty":"sh","ix":2,"ks":{"a":0,"k":{"i":[[4.85,-2.571],[2.734,-4.655],[0,-5.924],[-2.767,-4.622],[-4.883,-2.506],[-5.99,0],[-3.955,1.514],[-2.832,2.702],[-1.579,3.711],[0,4.395],[1.595,3.744],[2.848,2.702],[3.955,1.514],[4.688,0]],"o":[[-4.851,2.539],[-2.702,4.655],[0,6.023],[2.799,4.59],[4.948,2.507],[4.752,0],[3.955,-1.514],[2.832,-2.702],[1.579,-3.711],[0,-4.427],[-1.595,-3.743],[-2.849,-2.702],[-3.955,-1.514],[-6.25,0]],"v":[[19.238,-56.152],[7.861,-45.361],[3.809,-29.492],[7.959,-13.525],[19.482,-2.881],[35.889,0.879],[48.95,-1.392],[59.131,-7.715],[65.747,-17.334],[68.115,-29.492],[65.723,-41.748],[59.058,-51.416],[48.853,-57.739],[35.889,-60.01]],"c":true},"ix":2},"nm":"o","mn":"ADBE Vector Shape - Group","hd":false}],"nm":"o","np":5,"cix":2,"bm":0,"ix":1,"mn":"ADBE Vector Group","hd":false}]},"fFamily":"Gill Sans"},{"ch":" ","size":88,"style":"UltraBold","w":33.3,"data":{},"fFamily":"Gill Sans"},{"ch":"W","size":88,"style":"UltraBold","w":122.9,"data":{"shapes":[{"ty":"gr","it":[{"ind":0,"ty":"sh","ix":1,"ks":{"a":0,"k":{"i":[[0,0],[0,0],[0,0],[0,0],[0,0],[0,0],[0,0],[0,0],[0,0],[0,0],[0,0],[0,0],[0,0]],"o":[[0,0],[0,0],[0,0],[0,0],[0,0],[0,0],[0,0],[0,0],[0,0],[0,0],[0,0],[0,0],[0,0]],"v":[[0,-74.512],[26.318,0],[50.586,0],[61.523,-29.492],[73.291,0],[97.607,0],[122.705,-74.512],[90.479,-74.512],[82.324,-50.195],[72.803,-74.512],[49.902,-74.512],[40.82,-50.195],[32.178,-74.512]],"c":true},"ix":2},"nm":"W","mn":"ADBE Vector Shape - Group","hd":false}],"nm":"W","np":3,"cix":2,"bm":0,"ix":1,"mn":"ADBE Vector Group","hd":false}]},"fFamily":"Gill Sans"},{"ch":"r","size":88,"style":"UltraBold","w":66.7,"data":{"shapes":[{"ty":"gr","it":[{"ind":0,"ty":"sh","ix":1,"ks":{"a":0,"k":{"i":[[2.669,2.637],[4.004,0],[2.799,-2.197],[1.855,-4.264],[0,0],[0,0],[0,0],[0,0],[0,0],[0,0],[-0.716,2.295],[-1.562,1.367],[-4.655,0],[-2.605,2.637],[0,4.33]],"o":[[-2.67,-2.669],[-3.548,0],[-2.8,2.197],[0,0],[0,0],[0,0],[0,0],[0,0],[0,0],[0,-3.157],[0.716,-2.295],[3.483,3.581],[4.102,0],[2.637,-2.637],[0,-4.134]],"v":[[57.08,-55.273],[47.07,-59.277],[37.549,-55.981],[30.566,-46.289],[30.371,-46.289],[30.371,-58.789],[0.195,-58.789],[0.195,0],[30.371,0],[30.371,-22.412],[31.445,-30.591],[34.863,-36.084],[47.07,-30.713],[57.129,-34.668],[61.084,-45.117]],"c":true},"ix":2},"nm":"r","mn":"ADBE Vector Shape - Group","hd":false}],"nm":"r","np":3,"cix":2,"bm":0,"ix":1,"mn":"ADBE Vector Group","hd":false}]},"fFamily":"Gill Sans"},{"ch":"d","size":88,"style":"UltraBold","w":80.18,"data":{"shapes":[{"ty":"gr","it":[{"ind":0,"ty":"sh","ix":1,"ks":{"a":0,"k":{"i":[[-1.172,1.433],[-1.823,0],[-0.912,-0.26],[-0.652,-0.455],[0,0],[0,0],[1.432,1.123],[0,2.572]],"o":[[1.172,-1.432],[0.879,0],[0.911,0.261],[0,0],[0,0],[-3.158,0],[-1.433,-1.123],[0,-2.116]],"v":[[34.766,-33.936],[39.258,-36.084],[41.943,-35.693],[44.287,-34.619],[44.287,-21.387],[42.041,-21.387],[35.156,-23.071],[33.008,-28.613]],"c":true},"ix":2},"nm":"d","mn":"ADBE Vector Shape - Group","hd":false},{"ind":1,"ty":"sh","ix":2,"ks":{"a":0,"k":{"i":[[-2.8,-4.655],[-5.176,-2.473],[-6.738,0],[0,0],[0,0],[0,0],[0,0],[2.116,0.423],[2.311,0],[4.427,-2.571],[2.539,-4.524],[0,-5.436]],"o":[[2.832,4.655],[5.176,2.474],[0,0],[0,0],[0,0],[0,0],[-0.945,-0.52],[-2.214,-0.455],[-5.404,0],[-4.395,2.539],[-2.507,4.525],[0,5.664]],"v":[[8.203,-14.404],[20.215,-3.711],[38.086,0],[74.512,0],[74.512,-74.512],[44.287,-74.512],[44.287,-57.178],[39.697,-58.594],[32.91,-59.277],[18.164,-55.42],[7.764,-44.824],[4.004,-29.883]],"c":true},"ix":2},"nm":"d","mn":"ADBE Vector Shape - Group","hd":false}],"nm":"d","np":5,"cix":2,"bm":0,"ix":1,"mn":"ADBE Vector Group","hd":false}]},"fFamily":"Gill Sans"}]}